Method,Accuracy,Precision,Recall,F1 Score,Best Accuracy Threshold,Best Precision Threshold,Best Recall Threshold,Best F1 Score Threshold
jcn,0.6666666666666666,1.0,1.0,0.7499999999999999,0.59,0.85,0.0,0.59
lch,0.8333333333333334,1.0,1.0,0.8571428571428571,0.66,0.68,0.0,0.66
lin,0.6666666666666666,1.0,1.0,0.7499999999999999,0.62,0.74,0.0,0.62
path,0.6666666666666666,1.0,1.0,0.7499999999999999,0.5,0.67,0.0,0.5
res,0.6666666666666666,0.6666666666666666,1.0,0.7499999999999999,0.5700000000000001,0.59,0.0,0.5700000000000001
wup,0.6666666666666666,1.0,1.0,0.7499999999999999,0.73,0.81,0.0,0.73
